Service Name,Description,Type,Depends on,Used by,Status,Decommission Date,Owner,Go Live Date,Business Risk,Updated,Theme,Stream,Responsible Teams
QuantumSync,Near-real-time event bus for cross-domain synchronization,Platform,"CoreStream
DataHub",ShieldForce,Active,,Cameron Shade,,,2025-10-15,Gaming,Expansion Themes,InsightGrid
CyberEngine,Rules engine for real-time risk scoring,Microservice,"LogicLab
QuantumCore",CareOps,Active,,Cameron Shade,,,,Gaming,Expansion Themes,InsightGrid
CoreForge,Build and deploy toolkit for microservices,Platform,CoreStream,DevStream,Active,,Cameron Shade,,,,Gaming,Expansion Themes,InsightGrid
AlphaLayer,Public API layer for external partners,API Gateway,"QuantumSync
StreamNet",Partner Portal,Active,,Elliot Hunter,,,,Data Entry Tools,RocketScience Themes,CloudAxis
StreamNode,High-throughput stream ingestion service,Data Pipeline,"DataPulse
StreamCore",InsightGrid,Active,,Elliot West,,,,Data Science,New Initiatives,ImpactStream
StreamOps,Operational console for streaming pipelines,UI App,"StreamNode
VisionLab",NOC,Active,,Kai Fox,,,,Back End,Expansion Themes,DevStream
QuantumCore,Identity and token service for internal workloads,Service,"CoreForge
CoreSync",EdgeOps,Active,,Winter Brooks,,,,Back End,Expansion Themes,DevStream
NovaNode,Edge device registry and provisioning,Service,"EdgeGrid
QuantumCore",EdgeTrack,Active,,Phoenix Moon,,,,Back End,Expansion Themes,DevStream
NovaLab,Data sandbox for rapid prototyping,Platform,"DataHub
DataLab",Data Science Guild,Active,,Elliot West,2024-05-07,Low,,Data Science,New Initiatives,ImpactStream
QuantumNet,Internal routing for east-west service communication,Service,CoreStream,InfraGuard,Active,,Cameron Blaze,,,,Back End,Expansion Themes,DevStream
ZenithOps,Runbook orchestrator and change automation platform,Platform,"CoreForge
LogicHub",AgileWorks,Active,,Kai Fox,,,,Back End,Expansion Themes,DevStream
LogicLab,Centralized rules and feature flags lab,Service,CoreSync,VisionWare,Active,,Winter Brooks,,,,Back End,Expansion Themes,DevStream
VisionForge,Report and dashboard generation service,Service,"DataHub
VisionGrid",StatSphere,Active,,Phoenix Moon,,,,Back End,Expansion Themes,DevStream
VisionLab,Self-service analytics engine,Platform,"DataLab
VisionForge",PatternFlow,Active,,Cameron Blaze,,,,Back End,Expansion Themes,DevStream
DataLab,Governed data workspace,Platform,DataHub,AI Nexus,Active,,Kai Fox,,,,Back End,Expansion Themes,DevStream
DataStream,Reliable batch-to-data-lake transport,Data Pipeline,CoreStream,DataDock,Active,,Winter Brooks,,,,Back End,Expansion Themes,DevStream
GammaLink,SaaS connectors for CRM and ERP systems,Service,QuantumSync,SupportSync,Active,,Phoenix Moon,,,,Back End,Expansion Themes,DevStream
LogicEngine,Decision engine for promotional rules,Microservice,"LogicLab
DataLab",AssistEdge,Active,,Kai Wolfe,,,,Integration,Expansion Themes,AI Nexus
MatrixNet,Registry schemi e contratti dati,Service,"CoreSync
DataHub",All teams,Active,,Riley Flame,2023-01-05,Low,,Infra Pillars,New Initiatives,EdgeOps
GammaHub,Business event hub,Platform,"QuantumSync
StreamNode",New Initiatives,Active,,Kai Wolfe,,,,Integration,Expansion Themes,AI Nexus
BetaPulse,UX and client-side performance telemetry,Service,VisionLab,VisionWare,Active,,Kai Wolfe,,,,Integration,Expansion Themes,AI Nexus
MatrixLayer,Logical mapping layer for shared data contracts,Service,"MatrixNet
DataStream",InsightGrid,Active,,Kai Wolfe,,,,Integration,Expansion Themes,AI Nexus
MatrixEngine,Financial KPI calculation service,Microservice,"DataLab
LogicEngine",ResolveHub,Active,,Kai Wolfe,,,,Integration,Expansion Themes,AI Nexus
ZenithCore,External OIDC identity provider for customers,Service,"AlphaLayer
QuantumCore",Customer Portal,Active,,Riley Flame,2024-05-20,High,,Customer Facing Foundations,New Initiatives,TrustLayer
CyberFlow,Transactional anti-fraud detection pipeline,Data Pipeline,"StreamNode
LogicEngine",Payment UI,Active,,Kai Wolfe,,,,Integration,Expansion Themes,AI Nexus
AlphaEngine,Catalog recommendation scoring engine,Microservice,"DataLab
VisionLab",InsightGrid,Active,,Zion Blaze,2023-10-02,Medium,,Selling Opportunities,RocketScience Themes,InfraGuard
QuantumGrid,Low-latency key-value store,Platform,CoreStream,DevStream,Active,,Riley Flame,,,,Customer Facing Foundations,New Initiatives,TrustLayer
SpherePulse,Synthetic user-journey monitor,Service,"VisionLab
BetaPulse",SupportSync,Active,,Riley Flame,,,,Customer Facing Foundations,New Initiatives,TrustLayer
OmegaLink,Gateway integrazione partner B2B,API Gateway,AlphaLayer,Partners,Active,,Kai Wolfe,2024-03-18,Medium,,Integration,Expansion Themes,AI Nexus
CloudZone,Feature distribution for mobile applications,Service,"ZenithOps
LogicLab",Mobile Apps,Active,,Blake Fox,2023-11-06,Medium,,New Markets,RocketScience Themes,SupportSync
BetaSync,Cross-device user preference sync,Service,"CoreSync
QuantumSync",Mobile Apps,Active,,Riley Flame,,,,Customer Facing Foundations,New Initiatives,TrustLayer
AlphaLink,Short-link generation and campaign tracking,Service,"CoreStream
VisionLab",FutureStack,Active,,Riley Flame,,,,Customer Facing Foundations,New Initiatives,TrustLayer
EdgeTrack,Telemetry edge device health,Service,"NovaNode
EdgeGrid",EdgeOps,Active,,Kai Wolfe,2024-07-22,Medium,,Subscription Model Domain,Expansion Themes,QueryQuest
LogicSync,Multi-region rules synchronizer service,Service,"LogicLab
QuantumNet",All services,Active,,Riley Flame,2023-08-30,Low,,Infra Pillars,New Initiatives,TechFrontier
NovaPoint,Catalogo API pubblico,UI App,"AlphaLayer
MatrixNet",Developers,Active,,Riley Flame,2024-04-29,Medium,,Customer Facing Foundations,New Initiatives,TrustLayer
BetaOps,Database deployment runbook automation,Service,"ZenithOps
CoreForge",DBA,Active,,Riley Flame,,,,Customer Facing Foundations,New Initiatives,TrustLayer
FusionLab,Proof-of-concept environment for new connectors,Platform,"GammaLink
NovaLab",Integration Guild,Active,,Kai Wolfe,2024-02-01,Low,,Integration,Expansion Themes,AI Nexus
CoreZone,Portale self‑service team tecnici,UI App,"ZenithOps
CoreForge",Engineering,Active,,Kai Wolfe,2023-07-17,Low,,Subscription Model Domain,Expansion Themes,QueryQuest
ZenithLayer,Policy engine for security posture management,Service,"QuantumCore
LogicLab",Security,Active,,Riley Flame,,,,Customer Facing Foundations,New Initiatives,TrustLayer
GammaLab,Anti-fraud model laboratory,Platform,"CyberFlow
DataLab",CareOps,Active,,Elliot West,2024-05-13,High,,Data Science,New Initiatives,ImpactStream
BetaEngine,Lead scoring calculation service,Microservice,"DataLab
LogicEngine",AssistEdge,Active,,Zion Blaze,2023-10-27,Medium,,Selling Opportunities,RocketScience Themes,LogicLab
MatrixFlow,Standard ETL pipeline to the lakehouse,Data Pipeline,"DataStream
MatrixLayer",DataDock,Active,,Cameron Blaze,2022-12-19,Low,,Back End,Expansion Themes,DevStream
FusionEngine,Order orchestration rules engine,Microservice,"LogicEngine
MatrixNet",ResolveHub,Active,,Logan Dusk,2023-06-08,High,,Payment Systems,Digital Enablers,FixPoint
StreamNet,Kafka topic networking and ACL management,Service,CoreStream,StreamNode,Active,,Riley Flame,,,,Customer Facing Foundations,New Initiatives,TrustLayer
PulseLink,Webhooks management e retry,Service,"QuantumSync
StreamNet",SupportSync,Active,,Riley Flame,,,,Infra Pillars,New Initiatives,VaultOps
VisionOps,BI and data refresh runbook automation,Service,"VisionForge
MatrixFlow",StatSphere,Active,,Kai Wolfe,2023-03-01,Low,,Subscription Model Domain,Expansion Themes,QueryQuest
PulseStream,Streaming capture da frontend,Data Pipeline,"StreamAxis
BetaPulse",Web,Active,,Riley Flame,,,,Infra Pillars,New Initiatives,EdgeOps
CoreAxis,API core anagrafiche e consensi,API,"CoreSync
ZenithCore",All customer apps,Active,,Riley Flame,2022-10-03,Medium,,Customer Facing Foundations,New Initiatives,TrustLayer
PulseFlow,Event processing anti‑churn,Microservice,"PulseStream
LogicEngine",FutureStack,Active,,Zion Blaze,2024-01-11,Medium,,Selling Opportunities,RocketScience Themes,SecureStream
AlphaOps,Tooling operatività API,Service,"AlphaLayer
ZenithOps",API Platform,Active,,Zion Blaze,2023-05-23,Low,,Selling Opportunities,RocketScience Themes,InfraGuard
LogicNet,Rules service mesh,Service,"LogicSync
QuantumNet",LogicLab,Active,,Riley Flame,,,,Infra Pillars,New Initiatives,TechFrontier
ZenithGrid,Runtime configuration distribution service,Service,"CoreForge
QuantumNet",EdgeOps,Active,,Riley Flame,,,,Infra Pillars,New Initiatives,VaultOps
CorePulse,Health check centralizzato,Service,"ZenithGrid
BetaPulse",All services,Active,,Kai Wolfe,2023-04-03,Low,,Subscription Model Domain,Expansion Themes,QueryQuest
StreamPulse,Heartbeat stream e SLA tracking,Service,"PulseStream
StreamNet",SRE,Active,,Riley Flame,,,,Infra Pillars,New Initiatives,EdgeOps
LogicWave,Feature toggle progressive delivery,Service,"LogicLab
ZenithOps",All apps,Active,,Riley Flame,2022-11-14,Low,,Customer Facing Foundations,New Initiatives,TrustLayer
OmegaPoint,Audit trail centralizzato,Service,"CoreSync
QuantumNet",RiskRadar,Active,,Riley Flame,,,,Infra Pillars,New Initiatives,TechFrontier
CoreSync,Configuration and secrets synchronization,Service,CoreStream,All services,Active,,Riley Flame,2022-08-29,High,,Infra Pillars,New Initiatives,VaultOps
QuantumPoint,Key management e HSM,Service,"CoreSync
ZenithCore",Payment Systems,Active,,Riley Flame,,,,Infra Pillars,New Initiatives,EdgeOps
FusionOps,Pannello operazioni ordini,UI App,"FusionEngine
OmegaPoint",ResolveHub,Active,,Zion Blaze,2023-10-10,Medium,,Selling Opportunities,RocketScience Themes,LogicLab
DeltaFlow,Change data capture for legacy databases,Data Pipeline,"CoreHub
DataNet",FixPoint,Active,,Riley Flame,,,,Infra Pillars,New Initiatives,TechFrontier
SphereHub,Catalogo journey e touchpoint,Service,"VisionLab
BetaPulse",PatternFlow,Active,,Riley Flame,,,,Infra Pillars,New Initiatives,VaultOps
StreamForge,Toolkit stream enrichment,Library,"StreamNode
LogicEngine",DevStream,Active,,Kai Fox,2023-01-19,Low,,Back End,Expansion Themes,DevStream
CoreWave,Notification preferences API,API,"CoreSync
PulseLink",SupportSync,Active,,Riley Flame,,,,Infra Pillars,New Initiatives,EdgeOps
FusionPoint,External payment orchestration service,Service,"QuantumPoint
OmegaLink",Payment UI,Active,,Emerson Rivers,2024-04-05,High,,Payment Systems,Digital Enablers,SprintHub
DeltaAxis,Schema migration management service,Service,"MatrixNet
CoreForge",DataVista,Active,,Riley Flame,2023-02-07,Low,,Infra Pillars,New Initiatives,TechFrontier
EdgePoint,Edge-to-core gateway service,Service,"NovaNode
QuantumNet",EdgeOps,Active,,Winter Brooks,2023-07-24,Medium,,Back End,Expansion Themes,DevStream
SphereNet,Customer entity graph service,Service,"MatrixLayer
VisionLab",AI Nexus,Active,,Blake Fox,,,,Payment Systems,Digital Enablers,FixPoint
GammaFlow,Anti-fraud scoring pipeline,Data Pipeline,"CyberFlow
MatrixFlow",CareOps,Active,,Drew West,2024-03-07,High,,Payment Systems,Digital Enablers,SprintHub
GammaForge,Feature engineering toolkit library,Library,"DataLab
VisionLab",Data Science Guild,Active,,Elliot West,2023-06-01,Medium,,Data Science,New Initiatives,ImpactStream
OmegaHub,Compliance and data retention hub,Service,"OmegaPoint
CoreSync",AgileWorks,Active,,Harper Lane,,,,Payment Systems,Digital Enablers,FixPoint
GammaNode,ML model orchestration service,Service,"VisionLab
GammaForge",AI Nexus,Active,,Elliot West,2023-11-22,High,,Data Science,New Initiatives,ImpactStream
OmegaOps,Payment incident runbook automation,Service,"FusionPoint
QuantumPoint",Payment Ops,Active,,,2024-01-15,High,,Service Management,Digital Enablers,QuantumOps
CyberNode,Dependency security scanner,Service,"CoreForge
ZenithOps",DevStream,Active,,Logan Dusk,,,,Payment Systems,Digital Enablers,SprintHub
StreamFlow,Real-time stream ETL to the data lake,Data Pipeline,"StreamNode
MatrixFlow",DataDock,Active,,Phoenix Moon,2023-12-19,Medium,,Back End,Expansion Themes,DevStream
DataHub,Data lakehouse centrale,Platform,"CoreStream
DeltaFlow",All analytics,Active,,Riley Flame,2022-09-26,High,,Infra Pillars,New Initiatives,VaultOps
DataEngine,Interactive query engine,Service,"DataHub
MatrixLayer",StatSphere,Active,,Emerson Rivers,,,,Payment Systems,Digital Enablers,FixPoint
CoreHub,Service bus for legacy system integration,Service,CoreStream,FixPoint,Active,,Blake Fox,,,,Payment Systems,Digital Enablers,SprintHub
DeltaWave,Multi-region database replication,Service,"CoreHub
DeltaFlow",FixPoint,Active,,Riley Flame,2023-05-05,Medium,,Infra Pillars,New Initiatives,EdgeOps
FusionWave,Payment events router,Service,"FusionPoint
QuantumSync",Payment UI,Active,,Drew West,2024-06-21,High,,Payment Systems,Digital Enablers,FixPoint
DataNet,Shared data backbone,Service,"CoreStream
MatrixNet",All teams,Active,,Riley Flame,2022-10-21,Low,,Infra Pillars,New Initiatives,TechFrontier
QuantumHub,Event topic and ACL registry,Service,"StreamNet
QuantumNet",All streaming apps,Active,,Riley Flame,2023-08-11,Low,,Infra Pillars,New Initiatives,VaultOps
NovaSync,Marketing asset synchronization,Service,"AlphaLink
VisionLab",FutureStack,Active,,Harper Lane,2024-03-29,Low,,Payment Systems,Digital Enablers,SprintHub
DataPulse,Data quality metrics service,Service,"DataNet
MatrixFlow",DataVista,Active,,Zion Blaze,2023-10-06,Medium,,Selling Opportunities,RocketScience Themes,SecureStream
VisionGrid,Catalogo dashboard e permessi,Service,"VisionForge
DataEngine",StatSphere,Active,,Riley Flame,2023-09-18,Low,,Customer Facing Foundations,New Initiatives,TrustLayer
ZenithLab,Resilience and chaos engineering lab,Platform,"ZenithOps
CoreStream",SRE,Active,,Riley Flame,2024-07-29,Medium,,Infra Pillars,New Initiatives,EdgeOps
GammaWave,ML model distribution to runtime services,Service,"GammaNode
QuantumNet",AI Nexus,Active,,Cameron Blaze,2024-02-26,Medium,,Back End,Expansion Themes,DevStream
EdgePulse,Edge metrics and alerting service,Service,"EdgePoint
BetaPulse",EdgeOps,Active,,,2024-01-08,Medium,,Service Management,Digital Enablers,ServerSphere
SphereAxis,Omnichannel journey routing,Service,"SphereNet
QuantumSync",PatternFlow,Active,,Riley Flame,2024-05-06,Medium,,Customer Facing Foundations,New Initiatives,TrustLayer
QuantumForge,Event integration SDK,Library,"QuantumHub
StreamNet",DevStream,Active,,Kai Wolfe,2023-01-31,Low,,Integration,Expansion Themes,AI Nexus
ZenithSync,Multi-cloud job scheduling service,Service,"ZenithOps
CoreStream",InfraGuard,Active,,Riley Flame,2023-11-10,Medium,,Infra Pillars,New Initiatives,TechFrontier
AlphaNode,Real-time audience profiling,Service,"AlphaLink
BetaPulse",FutureStack,Active,,Logan Dusk,2024-04-22,High,,Payment Systems,Digital Enablers,FixPoint
CloudLab,Mobile application development laboratory,Platform,"CloudZone
BetaSync",CloudAxis,Active,,Blake Fox,2023-12-05,Low,,New Markets,RocketScience Themes,VisionWare
CyberWave,Threat intel streaming,Service,"CyberEngine
QuantumSync",RiskRadar,Active,,Riley Flame,2024-06-10,High,,Infra Pillars,New Initiatives,VaultOps
QuantumEngine,Engine scoring predittivo,Service,"GammaForge
DataLab",InsightGrid,Active,,Elliot West,2024-02-12,High,,Data Science,New Initiatives,ImpactStream
StreamCore,Core streaming libraries,Library,"StreamNet
CoreForge",DevStream,Active,,Kai Fox,2022-08-18,Low,,Back End,Expansion Themes,DevStream
GammaGrid,Distributed dataframe library,Library,"DataEngine
DataHub",AI Nexus,Active,,Winter Brooks,2023-06-14,Low,,Back End,Expansion Themes,DevStream
ZenithHub,Portale SRE e affidabilità,UI App,"ZenithLab
CorePulse",SRE,Active,,Zion Blaze,2024-03-04,Medium,,Selling Opportunities,RocketScience Themes,InfraGuard
ZenithNode,Compute job coordination service,Service,"ZenithHub
ZenithOps",DataVista,Active,,Riley Flame,2024-07-08,Medium,,Infra Pillars,New Initiatives,EdgeOps
MatrixSync,Shared dataset synchronization,Service,"MatrixLayer
DataNet",DataDock,Active,,Kai Wolfe,2023-09-25,Medium,,Integration,Expansion Themes,AI Nexus
StreamPoint,API publish/subscribe semplificate,API,"QuantumHub
StreamCore",Web Apps,Active,,Riley Flame,2023-12-01,Low,,Customer Facing Foundations,New Initiatives,TrustLayer
MatrixWave,ETL orchestration framework,Library,"MatrixFlow
DataNet",DataVista,Active,,Phoenix Moon,2023-03-06,Low,,Back End,Expansion Themes,DevStream
DeltaOps,Database migration operations service,Service,"DeltaAxis
DeltaFlow",DBA,Active,,Zion Blaze,2024-08-26,Medium,,Selling Opportunities,RocketScience Themes,LogicLab
PulseLab,Product metrics laboratory,Platform,"VisionLab
BetaPulse",Product Managers,Active,,Riley Flame,2024-01-22,Low,,Customer Facing Foundations,New Initiatives,TrustLayer
EdgeSync,Edge configuration sync service,Service,"ZenithGrid
NovaNode",EdgeOps,Active,,Riley Flame,2024-04-15,Medium,,Infra Pillars,New Initiatives,TechFrontier
LogicAxis,Rules routing management service,Service,"LogicNet
LogicSync",LogicLab,Active,,Riley Flame,2023-10-17,Low,,Infra Pillars,New Initiatives,VaultOps
LogicLink,Client SDK for rule evaluation,Library,"LogicAxis
LogicLab",Web,Active,,Emerson Rivers,,,,Payment Systems,Digital Enablers,SprintHub
EdgeWave,Over-the-air (OTA) edge distribution,Service,"EdgeSync
EdgePoint",EdgeOps,Active,,Jamie Rivers,2024-05-27,Medium,,Mobile First,Expansion Themes,DataDock
OmegaPulse,Compliance and audit metrics service,Service,"OmegaHub
OmegaPoint",RiskRadar,Active,,,2024-06-24,Medium,,Service Management,Digital Enablers,QuantumOps
QuantumTrack,Tracking journey avanzato,Service,"AlphaLink
BetaPulse",FutureStack,Active,,Kai Wolfe,2024-07-15,Medium,,Subscription Model Domain,Expansion Themes,QueryQuest
LogicHub,Policy automation hub,Service,"ZenithOps
LogicNet",InfraGuard,Active,,Riley Flame,2023-02-13,Low,,Infra Pillars,New Initiatives,EdgeOps
OmegaWave,Compliance rule distribution service,Service,"OmegaHub
LogicHub",RiskRadar,Active,,Zion Blaze,2024-03-28,Medium,,Selling Opportunities,RocketScience Themes,SecureStream
EdgeNode,Runtime servizi su device,Service,"NovaNode
EdgeWave",EdgeOps,Active,,Jamie Rivers,2023-11-01,Medium,,Mobile First,Expansion Themes,DataDock
DeltaEngine,Data migration engine,Service,"DeltaFlow
MatrixNet",DataDock,Active,,Kai Wolfe,2024-01-09,Medium,,Integration,Expansion Themes,AI Nexus
MatrixOps,Data governance operations service,Service,"MatrixNet
DataPulse",DataVista,Active,,Zion Blaze,2024-02-05,Medium,,Selling Opportunities,RocketScience Themes,InfraGuard
EdgeGrid,Overlay network for branch and edge locations,Service,"QuantumNet
ZenithGrid",EdgeOps,Active,,Riley Flame,2023-08-07,Medium,,Infra Pillars,New Initiatives,TechFrontier
QuantumStream,Public event stream for partner integration,Service,"QuantumHub
AlphaLayer",Partners,Planned,,Kai Wolfe,2025-12-01,Medium,,Integration,Expansion Themes,AI Nexus
EdgeEngine,Edge policy enforcement engine,Service,"EdgeGrid
LogicLab",EdgeOps,Active,,Riley Flame,2023-12-22,Medium,,Infra Pillars,New Initiatives,VaultOps
QuantumLayer,Multi-tenant event layer,Service,"QuantumNet
StreamNet",All streaming apps,Active,,Kai Wolfe,2024-05-06,Medium,,Integration,Expansion Themes,AI Nexus
NovaLink,External partner integration SDK,Library,"AlphaLayer
NovaPoint",Partners,Active,,Riley Flame,2023-06-29,Low,,Customer Facing Foundations,New Initiatives,TrustLayer
PulseForge,Real-time campaign rule engine,Service,"AlphaLink
BetaPulse",FutureStack,Active,,Kai Wolfe,2024-02-19,Medium,,Subscription Model Domain,Expansion Themes,QueryQuest
CyberLayer,Layer security policy,Service,"CyberEngine
ZenithLayer",All apps,Active,,Riley Flame,2024-07-29,High,,Infra Pillars,New Initiatives,EdgeOps
EdgeNet,Edge-to-core network peering,Service,"EdgeGrid
QuantumNet",EdgeOps,Active,,Riley Flame,2023-10-09,Medium,,Infra Pillars,New Initiatives,TechFrontier
ZenithPoint,Portale status e incidenti,UI App,"CorePulse
StreamPulse",All users,Active,,Zion Blaze,2024-01-31,Low,,Selling Opportunities,RocketScience Themes,LogicLab
MatrixStream,Event specification standard,Standard,"QuantumHub
StreamCore",All teams,Active,,Kai Wolfe,2023-02-24,Low,,Integration,Expansion Themes,AI Nexus
ZenithStream,Resilient event stream service,Service,"QuantumLayer
StreamNet",All streaming apps,Active,,Cameron Blaze,2024-04-08,Medium,,Back End,Expansion Themes,DevStream
AlphaGrid,AI workload distribution layer,Service,"ZenithOps
QuantumCore",AI Nexus,Active,,Riley Flame,2024-06-17,Medium,,Infra Pillars,New Initiatives,VaultOps
CloudTrack,Mobile crash and ANR tracking,Service,"CloudZone
BetaPulse",Mobile Apps,Active,,Jamie Rivers,2023-11-27,Medium,,Mobile First,Expansion Themes,DataDock
StreamLab,Streaming A/B testing lab,Platform,"StreamCore
BetaPulse",InsightGrid,Active,,Riley Flame,2024-03-11,Low,,Customer Facing Foundations,New Initiatives,TrustLayer
GammaTrack,Advanced fraud tracking service,Service,"CyberFlow
GammaWave",CareOps,Active,,Blake Fox,2024-08-05,High,,Payment Systems,Digital Enablers,FixPoint
FusionPulse,Payment funnel metrics,Service,"FusionPoint
DataEngine",Payment UI,Active,,Drew West,2024-06-13,High,,Payment Systems,Digital Enablers,SprintHub
CoreFlow,Ticketing workflow automation engine,Service,"ZenithOps
OmegaPoint",AgileWorks,Active,,Zion Blaze,2023-05-08,Medium,,Selling Opportunities,RocketScience Themes,SecureStream
AlphaAxis,API scope and permission management,Service,"AlphaLayer
LogicNet",API Platform,Active,,Zion Blaze,2023-07-20,Low,,Selling Opportunities,RocketScience Themes,InfraGuard
PulseWave,Event detector anomalie,Service,"PulseStream
BetaPulse",NOC,Active,,Harper Lane,,,,Payment Systems,Digital Enablers,FixPoint
AlphaNet,Registry client app,Service,"AlphaLayer
CoreSync",Customer Apps,Active,,Riley Flame,2023-09-01,Low,,Customer Facing Foundations,New Initiatives,TrustLayer
StreamHub,Topic and ACL management UI,UI App,"QuantumHub
QuantumLayer",SRE,Active,,Logan Dusk,,,,Payment Systems,Digital Enablers,SprintHub
CyberLab,Lab sicurezza e red‑team,Platform,"CyberEngine
OmegaHub",Security,Active,,Riley Flame,2024-09-16,High,,Infra Pillars,New Initiatives,EdgeOps
OmegaEngine,Engine policy conformità,Service,"OmegaHub
LogicHub",RiskRadar,Active,,Zion Blaze,2024-07-05,High,,Selling Opportunities,RocketScience Themes,LogicLab
StreamGrid,Per-region stream sharding service,Service,"ZenithSync
StreamNet",Stream apps,Active,,Kai Fox,2023-08-25,Medium,,Back End,Expansion Themes,DevStream
NovaAxis,Partner application access policy,Service,"AlphaLayer
ZenithCore",Partners,Active,,Riley Flame,2024-02-06,Medium,,Customer Facing Foundations,New Initiatives,TrustLayer
QuantumPulse,Business event metrics service,Service,"QuantumHub
MatrixNet",Business PMO,Active,,Zion Blaze,2024-03-15,Low,,Selling Opportunities,RocketScience Themes,SecureStream
StreamAxis,API streaming lato client,Library,"StreamCore
StreamNet",Web,Active,,Emerson Rivers,,,,Payment Systems,Digital Enablers,FixPoint
LogicForge,SDK authoring regole,Library,"LogicLab
LogicHub",Logic owners,Active,,Riley Flame,2024-04-19,Low,,Customer Facing Foundations,New Initiatives,TrustLayer
MatrixPulse,ML model quality metrics,Service,"GammaHub
VisionLab",AI Nexus,Active,,Elliot West,2024-05-20,Medium,,Data Science,New Initiatives,ImpactStream
CloudCore,Core servizi mobile,Service,"CloudZone
AlphaNet",Mobile Apps,Active,,Jamie Rivers,2023-06-26,Medium,,Mobile First,Expansion Themes,DataDock
DeltaLink,Database-to-stream bridge,Service,"DeltaFlow
StreamNode",FixPoint,Active,,Kai Wolfe,2023-12-07,Low,,Integration,Expansion Themes,AI Nexus
GammaNet,Cross-region ML model network,Service,"GammaWave
QuantumNet",AI Nexus,Active,,Winter Brooks,2024-07-18,Medium,,Back End,Expansion Themes,DevStream
MatrixZone,Official data domain registry,Governance,"MatrixNet
DataPulse",DataVista,Active,,Zion Blaze,2023-04-27,Low,,Selling Opportunities,RocketScience Themes,InfraGuard
VisionCore,Dashboard component API library,Library,"VisionGrid
DataEngine",PatternFlow,Active,,Riley Flame,2023-09-14,Low,,Customer Facing Foundations,New Initiatives,TrustLayer
VisionPulse,Dashboard usage metrics,Service,"VisionGrid
VisionOps",StatSphere,Active,,Zion Blaze,2024-06-28,Low,,Selling Opportunities,RocketScience Themes,LogicLab
MatrixTrack,Data lineage tracking service,Service,"MatrixZone
MatrixFlow",DataVista,Active,,Zion Blaze,2024-02-27,Medium,,Selling Opportunities,RocketScience Themes,SecureStream
VisionLink,In-app analytics embedding library,Service,"VisionForge
AlphaLayer",Business Apps,Active,,Riley Flame,2024-03-22,Low,,Customer Facing Foundations,New Initiatives,TrustLayer
CloudFlow,Mobile-to-core data sync service,Service,"CloudCore
CoreSync",CloudAxis,Active,,Jamie Rivers,2023-08-02,Medium,,Mobile First,Expansion Themes,DataDock
FusionAxis,Payment service provider routing,Service,"FusionPoint
OmegaLink",Payment UI,Active,,Blake Fox,2024-04-26,High,,Payment Systems,Digital Enablers,SprintHub
FusionSync,Transaction state synchronization,Service,"FusionPoint
DataNet",Payment Ops,Active,,Drew West,2024-08-09,High,,Payment Systems,Digital Enablers,FixPoint
GammaSync,ML model weights synchronization,Service,"GammaWave
GammaGrid",AI Nexus,Active,,Phoenix Moon,2024-07-11,Medium,,Back End,Expansion Themes,DevStream
MatrixAxis,Dataset access control service,Service,"MatrixNet
ZenithLayer",DataVista,Active,,Riley Flame,2024-05-23,High,,Infra Pillars,New Initiatives,TechFrontier
AlphaCore,Core foundation for client SDKs,Library,"AlphaLayer
CoreSync",Developers,Active,,Riley Flame,2023-03-03,Low,,Customer Facing Foundations,New Initiatives,TrustLayer
ZenithFlow,Playbook incident management,Service,"ZenithHub
CorePulse",SRE,Active,,,2024-05-17,Medium,,Service Management,Digital Enablers,ServerSphere
CyberNet,Build network isolation service,Service,"CyberLayer
CoreForge",DevStream,Active,,Riley Flame,2024-01-26,Medium,,Infra Pillars,New Initiatives,VaultOps
CyberZone,Developer device policy service,Service,"CyberLayer
NovaNode",Developers,Active,,Riley Flame,2024-08-30,Medium,,Infra Pillars,New Initiatives,EdgeOps
OmegaTrack,Payment audit tracking,Service,"OmegaPoint
FusionSync",Payment Ops,Active,,Harper Lane,2024-06-12,High,,Payment Systems,Digital Enablers,SprintHub
SpherePoint,Portale journey marketing,UI App,"SphereNet
VisionLink",FutureStack,Planned,,Blake Fox,2025-11-01,Medium,,New Markets,RocketScience Themes,SupportSync
OmegaForge,SDK compliance,Library,"OmegaHub
OmegaEngine",Developers,Active,,Zion Blaze,2024-03-08,Medium,,Selling Opportunities,RocketScience Themes,InfraGuard
NovaOps,Partner portal operations platform,UI App,"NovaPoint
NovaLink",Partner Ops,Active,,,2024-02-09,Low,,Service Management,Digital Enablers,QuantumOps
VisionZone,Secure zone for external reports,Service,"VisionLink
ZenithCore",External BI,Active,,Riley Flame,2024-07-01,Medium,,Customer Facing Foundations,New Initiatives,TrustLayer
CoreStream,Core enterprise messaging platform,Platform,,All platforms,Active,,Riley Flame,2022-06-13,High,,Infra Pillars,New Initiatives,TechFrontier
CorePoint,Audit and logging API,Service,"OmegaPoint
CoreStream",All apps,Active,,Riley Flame,2022-12-12,Medium,,Infra Pillars,New Initiatives,VaultOps
CloudPoint,Push notification endpoint,Service,"CloudCore
CoreWave",Mobile Apps,Active,,Jamie Rivers,2023-11-02,Medium,,Mobile First,Expansion Themes,DataDock
DataNode,Edge dataset registry,Service,"EdgeNode
MatrixNet",EdgeOps,Active,,Jamie Rivers,2024-03-05,Medium,,Mobile First,Expansion Themes,DataDock
SphereEngine,Real-time customer journey engine,Service,"SphereAxis
QuantumSync",PatternFlow,Active,,Riley Flame,2024-09-02,Medium,,Customer Facing Foundations,New Initiatives,TrustLayer
DataFlow,Data job orchestration service,Service,"MatrixFlow
DataNet",DataVista,Active,,Cameron Blaze,2023-10-16,Medium,,Back End,Expansion Themes,DevStream
OmegaLayer,Audit rules layer,Service,"OmegaPoint
LogicHub",RiskRadar,Active,,,2024-06-06,Medium,,Service Management,Digital Enablers,ServerSphere
DataSync,Key table data synchronization,Service,"DataNet
MatrixSync",FixPoint,Active,,Kai Wolfe,2023-05-29,Low,,Integration,Expansion Themes,AI Nexus
FusionHub,Payment backend hub,Service,"FusionPoint
QuantumPoint",Payment UI,Active,,Logan Dusk,2024-03-14,High,,Payment Systems,Digital Enablers,FixPoint
OmegaSync,Rules and data retention sync,Service,"OmegaHub
OmegaLayer",RiskRadar,Deprecated,2026-03-31,,2022-09-01,High,,Service Management,Digital Enablers,QuantumOps
